<?xml version="1.0" encoding="UTF-8"?>
<!-- A SKIRT parameter file © Astronomical Observatory, Ghent University -->
<skirt-simulation-hierarchy type="MonteCarloSimulation" format="9" producer="SKIRT v9.0 (git a994524 built on 08/12/2020 at 18:06:59)" time="2021-04-25T23:31:37.233">
    <MonteCarloSimulation userLevel="Regular" simulationMode="DustEmissionWithSelfAbsorption" numPackets="1e6">
        <random type="Random">
            <Random seed="0"/>
        </random>
        <units type="Units">
            <ExtragalacticUnits fluxOutputStyle="Frequency"/>
        </units>
        <cosmology type="Cosmology">
            <FlatUniverseCosmology redshift="8" reducedHubbleConstant="0.6777" matterDensityFraction="0.307"/>
        </cosmology>
        <sourceSystem type="SourceSystem">
            <SourceSystem minWavelength="0.01 micron" maxWavelength="1500 micron" wavelengths="0.55 micron" sourceBias="0.5">
                <sources type="Source">
                    <ParticleSource filename="tmp_star_particles_all.txt" importVelocity="false" importVelocityDispersion="false" useColumns="" sourceWeight="1" wavelengthBias="0.5">
                        <smoothingKernel type="SmoothingKernel">
                            <CubicSplineSmoothingKernel/>
                        </smoothingKernel>
                        <sedFamily type="SEDFamily">
                            <FileSSPSEDFamily filename="BpassSEDFamily_Chabrier300.stab"/>
                        </sedFamily>
                        <wavelengthBiasDistribution type="WavelengthDistribution">
                            <LogWavelengthDistribution minWavelength="0.0001 micron" maxWavelength="1e6 micron"/>
                        </wavelengthBiasDistribution>
                    </ParticleSource>
                    <ParticleSource filename="tmp_star_particles_birth.txt" importVelocity="false" importVelocityDispersion="false" useColumns="" sourceWeight="1" wavelengthBias="0.5">
                        <smoothingKernel type="SmoothingKernel">
                            <CubicSplineSmoothingKernel/>
                        </smoothingKernel>
                        <sedFamily type="SEDFamily">
                            <MappingsSEDFamily/>
                        </sedFamily>
                        <wavelengthBiasDistribution type="WavelengthDistribution">
                            <LogWavelengthDistribution minWavelength="0.0001 micron" maxWavelength="1e6 micron"/>
                        </wavelengthBiasDistribution>
                    </ParticleSource>
                </sources>
            </SourceSystem>
        </sourceSystem>
        <mediumSystem type="MediumSystem">
            <MediumSystem numDensitySamples="100">
                <photonPacketOptions type="PhotonPacketOptions">
                    <PhotonPacketOptions forceScattering="true" minWeightReduction="1e4" minScattEvents="0" pathLengthBias="0.5"/>
                </photonPacketOptions>
                <dustEmissionOptions type="DustEmissionOptions">
                    <DustEmissionOptions dustEmissionType="Equilibrium" includeHeatingByCMB="true" storeEmissionRadiationField="false" secondaryPacketsMultiplier="1" spatialBias="0.5" wavelengthBias="0.5">
                        <cellLibrary type="SpatialCellLibrary">
                            <AllCellsLibrary/>
                        </cellLibrary>
                        <radiationFieldWLG type="DisjointWavelengthGrid">
                            <NestedLogWavelengthGrid minWavelengthBaseGrid="0.08 micron" maxWavelengthBaseGrid="1500 micron" numWavelengthsBaseGrid="200" minWavelengthSubGrid="0.08 micron" maxWavelengthSubGrid="2 micron" numWavelengthsSubGrid="50"/>
                        </radiationFieldWLG>
                        <dustEmissionWLG type="DisjointWavelengthGrid">
                            <NestedLogWavelengthGrid minWavelengthBaseGrid="0.08 micron" maxWavelengthBaseGrid="1500 micron" numWavelengthsBaseGrid="200" minWavelengthSubGrid="1 micron" maxWavelengthSubGrid="30 micron" numWavelengthsSubGrid="60"/>
                        </dustEmissionWLG>
                        <wavelengthBiasDistribution type="WavelengthDistribution">
                            <LogWavelengthDistribution minWavelength="0.0001 micron" maxWavelength="1e6 micron"/>
                        </wavelengthBiasDistribution>
                    </DustEmissionOptions>
                </dustEmissionOptions>
                <dustSelfAbsorptionOptions type="DustSelfAbsorptionOptions">
                    <DustSelfAbsorptionOptions minIterations="1" maxIterations="20" maxFractionOfPrimary="0.01" maxFractionOfPrevious="0.03" iterationPacketsMultiplier="1"/>
                </dustSelfAbsorptionOptions>
                <dynamicStateOptions type="DynamicStateOptions">
                    <DynamicStateOptions hasDynamicState="false" minIterations="1" maxIterations="10" iterationPacketsMultiplier="1"/>
                </dynamicStateOptions>
                <media type="Medium">
                    <ParticleMedium filename="tmp_gas_particles.txt" massFraction="0.02369679226" importMetallicity="true" importTemperature="true" maxTemperature="1e6 K" importVelocity="false" importMagneticField="false" importVariableMixParams="false" useColumns="">
                        <smoothingKernel type="SmoothingKernel">
                            <CubicSplineSmoothingKernel/>
                        </smoothingKernel>
                        <materialMix type="MaterialMix">
                            <WeingartnerDraineDustMix environment="SMC" numSilicateSizes="8" numGraphiteSizes="8" numPAHSizes="8"/>
                        </materialMix>
                    </ParticleMedium>
                </media>
                <grid type="SpatialGrid">
                    <PolicyTreeSpatialGrid minX="-3e4 pc" maxX="3e4 pc" minY="-3e4 pc" maxY="3e4 pc" minZ="-3e4 pc" maxZ="3e4 pc" treeType="OctTree">
                        <policy type="TreePolicy">
                            <DensityTreePolicy minLevel="6" maxLevel="16" maxDustFraction="2e-6" maxDustOpticalDepth="10" wavelength="0.55 micron" maxDustDensityDispersion="0" maxElectronFraction="1e-6" maxGasFraction="1e-6"/>
                        </policy>
                    </PolicyTreeSpatialGrid>
                </grid>
            </MediumSystem>
        </mediumSystem>
        <instrumentSystem type="InstrumentSystem">
            <InstrumentSystem>
                <defaultWavelengthGrid type="WavelengthGrid">
                    <LogWavelengthGrid minWavelength="0.01 micron" maxWavelength="1500 micron" numWavelengths="2000"/>
                </defaultWavelengthGrid>
                <instruments type="Instrument">
                    <SEDInstrument instrumentName="def1" distance="1 Mpc" inclination="90 deg" azimuth="-90 deg" roll="0 deg" recordComponents="true" numScatteringLevels="0" recordPolarization="false" recordStatistics="false">
                        <wavelengthGrid type="WavelengthGrid">
                            <NestedLogWavelengthGrid minWavelengthBaseGrid="0.08 micron" maxWavelengthBaseGrid="1500 micron" numWavelengthsBaseGrid="8000" minWavelengthSubGrid="0.1 micron" maxWavelengthSubGrid="2 micron" numWavelengthsSubGrid="1000"/>
                        </wavelengthGrid>
                    </SEDInstrument>
                    <SEDInstrument instrumentName="def2" distance="1 Mpc" inclination="90 deg" azimuth="180 deg" roll="0 deg" recordComponents="false" numScatteringLevels="0" recordPolarization="false" recordStatistics="false">
                        <wavelengthGrid type="WavelengthGrid">
                            <NestedLogWavelengthGrid minWavelengthBaseGrid="0.08 micron" maxWavelengthBaseGrid="1500 micron" numWavelengthsBaseGrid="8000" minWavelengthSubGrid="0.1 micron" maxWavelengthSubGrid="2 micron" numWavelengthsSubGrid="1000"/>
                        </wavelengthGrid>
                    </SEDInstrument>
                    <FullInstrument instrumentName="cube_UV" distance="1 Mpc" inclination="90 deg" azimuth="-90 deg" roll="0 deg" fieldOfViewX="6e4 pc" numPixelsX="400" centerX="0 pc" fieldOfViewY="6e4 pc" numPixelsY="400" centerY="0 pc" recordComponents="false" numScatteringLevels="0" recordPolarization="false" recordStatistics="false">
                        <wavelengthGrid type="WavelengthGrid">
                            <LogWavelengthGrid minWavelength="0.1 micron" maxWavelength="0.4 micron" numWavelengths="25"/>
                        </wavelengthGrid>
                    </FullInstrument>
                    <FullInstrument instrumentName="cube_dust" distance="1 Mpc" inclination="90 deg" azimuth="-90 deg" roll="0 deg" fieldOfViewX="6e4 pc" numPixelsX="400" centerX="0 pc" fieldOfViewY="6e4 pc" numPixelsY="400" centerY="0 pc" recordComponents="false" numScatteringLevels="0" recordPolarization="false" recordStatistics="false">
                        <wavelengthGrid type="WavelengthGrid">
                            <LogWavelengthGrid minWavelength="8 micron" maxWavelength="1000 micron" numWavelengths="100"/>
                        </wavelengthGrid>
                    </FullInstrument>
                </instruments>
            </InstrumentSystem>
        </instrumentSystem>
        <probeSystem type="ProbeSystem">
            <ProbeSystem>
                <probes type="Probe">
                    <SpatialGridConvergenceProbe probeName="cnv" wavelength="0.55 micron"/>
                </probes>
            </ProbeSystem>
        </probeSystem>
    </MonteCarloSimulation>
</skirt-simulation-hierarchy>
